bundle_id,true_indice,true_option_idx,true_option_char,input_indices,candidate_indices,input_str,target_str,prediction,hit
19206,30641,4,E,"[14625, 20060]","[2269, 21958, 12141, 16607, 30641, 28694, 2772, 19943, 5567, 18296]",1. 网红雪地靴女2018新款短筒马丁靴学生保暖加厚棉鞋女冬加绒靴子女; 2. 伊米妮2019新款高级感包包港风复古手提斜挎方包简约时尚百搭女包,A. AK男装 秋季新款都市特工粗方格简约男士休闲长袖衬衫; B. 2019春季新款 个性徽章暗黑系衬衫 韩版帅气衬衣女; C. 波点连衣裙2018新款女雪纺秋装中长款慵懒风显瘦复古港味裙子长裙; D. MASOOMAKE英伦风松糕厚底弹力袜靴女 2018新款秋冬百搭复古马丁靴; E. AI 法式复古贝雷帽 羊毛含量高达90% 秋冬女画家帽毛呢南瓜帽子; F. 热风2018年夏新款小清新女士平底软木拖休闲拖鞋凉拖女鞋H60W8610; G. 黑色牛仔裤女秋冬新款韩版显瘦紧身小脚高腰冬季加厚加绒裤子#; H. MASOOMAKE老爹鞋女韩版ulzzang原宿百搭网红做旧松糕厚底运动鞋女; I. 勿上热风2018秋季学院风系带女士休闲鞋平底圆头小白鞋H14W8519; J. 连衣裙秋女2018新款韩版气质宽松imiss小清新休闲初恋裙子中长款,ERR,0
10329,16977,8,I,"[13625, 21079]","[29506, 9022, 27629, 9292, 15454, 10435, 16925, 24269, 16977, 20110]",1. 勿上热风秋季学院风甜美女士系带休闲透气鞋圆头小白鞋H14W8501; 2. 迷藏/纯手工捏褶100%斜纹天丝绒复古绿显瘦无袖连衣裙,A. 于momo2018秋装新款破洞毛边牛仔裤女学生港味喇叭裤显瘦初恋裤子; B. 包头水钻亮片尖头小清新高跟鞋少女一字扣带女夏细跟凉鞋猫跟5cm; C. DK尤物 针织半身裙a字裙高腰中长款裙子黑色百褶裙女2018秋冬新款; D. GENANX闪电潮牌oversize外套国潮风衣情侣春季时尚新款冲锋衣男潮; E. BDCT自制 秋季潮牌束脚裤男九分裤 复古裤子男宽松小脚休闲工装裤; F. 【Monkey LU】卢小猴针织抹胸型腰封女2018夏修身显瘦弹力收腹带; G. K家条纹阔腿裤女春夏薄款松紧腰垂感百搭显瘦2019新款休闲裤长裤; H. MISS FLY2019春新开叉修身小脚裤女金属圈高腰显瘦弹力九分铅笔裤; I. T400字母手链女纯银镶嵌施华洛世奇锆石小众设计生日礼物招桃花运; J. why包包女新款流行时尚小方包YA8042单肩包链条斜挎包包小包,ERR,0
14116,13704,7,H,"[3296, 21797]","[30919, 11295, 8230, 20898, 18889, 12086, 9448, 13704, 24521, 2916]",1. 【南风】黑色极简小方包2018新款时尚简约女包单肩包斜挎包小包包; 2. deessesicile夏日新款复古时髦几何圆环白蝶贝925银针耳环/耳钉,A. 红袖女装2018秋季新款休闲纯色双排扣口袋翻领一手长风衣外套女折; B. 2018夏季新款女装潮时尚圆领短袖超仙甜美收腰显瘦温柔a字连衣裙; C. 毛线针织纯色休闲女士包头帽女冬季加厚保暖女款帽子兔毛冬款冬帽; D. 梵花不语原创文艺帆布包百搭帆布单肩包帆布手提包女士包包袋; E. 谷家 春季新款加绒加厚短款女装外套 保暖牛仔上衣; F. GENANX闪电潮牌堆堆领毛衣男士韩版宽松不规则下摆扭花套头针织衫; G. 天美意夏季新款商场同款羊绒皮一字带粗跟女凉鞋AO821BL7; H. 【顺丰包邮】特价清仓不退换/毛毛领加绒厚外套女休闲宽松大风衣; I. 北包包小包包女2019新款韩版新款少女斜挎包链条百搭迷你学生单肩; J. 【南风】牛皮真皮手提包女包包2019新款时尚百搭秋冬单肩包斜挎包,G,0
20472,11158,6,G,"[12625, 13625]","[27345, 9642, 20413, 15459, 1084, 2159, 11158, 5585, 28464, 20305]",1. 【GP韩国正品】MLB棒球帽春夏调节款NY鸭舌帽男女白黑色弯檐帽子; 2. 勿上热风秋季学院风甜美女士系带休闲透气鞋圆头小白鞋H14W8501,A. 【11.11零点6折清仓】衣品乐大码文艺镂空褶皱七分袖连衣裙宽松; B. 韩都衣舍2018韩版女装秋装新款直筒毛边休闲牛仔裤HO10344魭; C. 伊芙丽卫衣连帽2019春装新款韩版宽松套头休闲女装慵懒风上衣; D. 从一 气质修身赫本风连衣裙复古白色连衣裙吊带裙女夏超仙中长款; E. EP雅莹 2018秋季新女时髦不规则裤脚毛边喇叭裤牛仔裤EJDAD6607A; F. 韩都衣舍2018夏天新衣服网红同款上衣女显瘦露肩英文港味短袖t恤; G. 韩都衣舍2018秋装新款女装韩版加绒加厚打底长袖连衣裙IG8200僥; H. 水桶包女2019新款韩版简约百搭大容量单肩包斜跨包包休闲子母包潮; I. 素木原创大码 连帽格子宽松棉衣女冬2018新款中长款棉服女JY3394; J. 麻霖文艺原创棉麻女装2019春夏新款亲子亚麻收腰长款七分袖连衣裙,C,0
5412,3882,7,H,"[11074, 15268]","[25718, 8648, 8479, 12626, 30641, 13830, 4084, 3882, 13396, 30157]",1. SNIDEL画册款杂志款编织手提/单肩包【商场同款】; 2. 缪吉娜羊反绒交叉系带鱼嘴 露趾高跟凉鞋女夏 细跟罗马鞋裸色黑色,A. 冬季韩版2018流行咖色格子毛呢外套女中长款宽松学生呢子大衣秋冬; B. 北冥有渔原创【繁星入梦】蝴蝶结甜美公主裙珍珠蕾丝两件套连衣裙; C. 帽子女休闲清新甜美韩版潮青年玫瑰花黑白色遮阳韩国鸭舌帽棒球帽; D. 韩国个性长款线形五角星耳环耳线 气质百搭新款星星大耳钉耳坠女; E. AI 法式复古贝雷帽 羊毛含量高达90% 秋冬女画家帽毛呢南瓜帽子; F. 13宜 大牌的黑白格子提花半身裙中裙 下摆的流苏真心美~~; G. 雪纺灯笼裤女夏季新款薄款哈伦裤大码防蚊裤空调裤运动休闲裤早秋; H. 韩版毛边拉菲草帽子女夏海边度假草帽大檐沙滩帽防晒遮阳帽夏天潮; I. 毛呢长裤女秋2018新款休闲垂感显瘦直筒裤子九分高腰宽松阔腿裤; J. 【南风】千鸟格拼接风琴包女包2018新款斜跨包ins超火包链条包包,F,0
8319,30641,8,I,"[21821, 21822]","[21909, 19403, 8500, 23042, 7829, 13141, 205, 12724, 30641, 14687]",1. 【南风】复古绒面斜纹手提包包女2018新款单肩斜挎时尚女包链条包; 2. 2018新款平底短靴女切尔西女靴子冬季棉鞋百搭裸靴网红马丁靴瘦瘦,A. 原创森女部落假两件可爱卫衣2019秋装新款韩版学生套头上衣女生系; B. MG小象牛仔裤女春2019新款韩版显瘦宽松背带裤学生chic直筒裤复古; C. 卓诗尼女鞋2019春季新款时尚百搭粗跟单鞋英伦风中跟软妹小皮鞋女; D. 张贝贝ibell2018春秋韩版新款女装套头连帽长袖宽松bf风纯色卫衣; E. 百思图2018春季新款专柜同款金属扣女乐福鞋小皮鞋女REL20AM8; F. left lady 时尚披肩中长款修身显瘦连衣裙包臀裙新款高端气质女装; G. 2019春季新款显瘦白色牛仔裤港味九分直筒裤子时尚百搭直筒小脚裤; H. 不起球不掉档！收腹提臀连袜裤 新款无缝打底裤秋冬一体裤袜子潮; I. AI 法式复古贝雷帽 羊毛含量高达90% 秋冬女画家帽毛呢南瓜帽子; J. 天美意夏商场同款牛皮一字带厚底平底女凉鞋6Z919BL7,I,1
20372,15971,9,J,"[24847, 29574]","[19986, 15203, 30005, 28318, 8098, 12766, 27241, 14286, 31153, 15971]",1. 韩国露娜网红仿珍珠耳环 女式气质长款耳坠新款ins耳钉韩版耳饰品; 2. AI 法式特细巴拿马帽手工编织遮阳草帽 春夏优雅爵士男女太阳帽,A. 2018新款秋冬季加厚款加绒卫衣女连帽韩版宽松长袖港风卫衣中长款; B. 【SASA小姐】定制 夏款时尚随性流苏边前后拉链设计牛仔短裤女; C. 黑色耳环925银耳针韩国耳饰品简约百搭水晶耳坠气质耳钉女; D. CHACHA极简主义黑色连衣裙宽松休闲过膝娃娃裙chic衬衫长裙; E. 2018秋冬新款西装领双排扣毛呢外套女中长款宽松显瘦茧型呢大衣; F. 逸阳打底裤女外穿春秋薄款2019新款小脚紧身显瘦黑色铅笔高腰裤子; G. [VNOOK2019春新款]基础百搭 单穿内搭长袖侧开叉圆领T恤 女三色; H. ZENGLIU撞色三角形耳环耳钉女气质韩国个性简约百搭少女心ins耳饰; I. 夏天仙女小包包女2018新款潮韩版百搭斜挎包透明手提包链条单肩包; J. TEENLADY原创女包欧洲站菱格链条包女小方包斜挎包小包包百搭个性,I,0
2343,15481,2,C,"[4129, 23319]","[8931, 26817, 15481, 9315, 30765, 23193, 9178, 24821, 6449, 16412]",1. 厚底马丁靴女系带真皮2018秋冬季新款松糕女鞋子百搭短靴圆头粉色; 2. 宿本 森系毛呢大衣2018秋冬季新款女学生中长款加厚呢子外套复古,A. PINZIKO 2018秋季新款宽松显瘦浅色高腰阔腿九分裤牛仔长裤女 T25; B. 欧洲站2018新款100%羊绒衫女高领毛衣慵懒宽松套头加厚羊毛针织衫; C. 小瑞靓包菱格链条包包女2019新款软皮手提单肩小包时尚百搭斜挎包; D. 时尚水钻宴会女鞋2019春季新款后拉链高跟鞋细跟尖头浅口鞋单鞋女; E. 用心推荐！客供新型纱  超有范  飘逸双插兜及踝半裙; F. 云上生活条纹V领腰部系带连衣裙慵懒风显瘦裙子夏L5017; G. 原创设计森女部落喵的小确幸帅气浅色牛仔长裤2019春季新款女裤系; H. 秋日暖阳 秋装新款廷外自制复古文艺舒适百搭毛衣毛衫; I. 无有无印秋冬新款修身针织衫圆领木耳边套头针织打底衫毛衣女085; J. 牛仔连衣裙中长款2018新款春装suko少女格子衬衫初恋冷淡风裙子潮,ERR,0
24296,4586,2,C,"[13625, 27165]","[13899, 13555, 4586, 15750, 772, 18764, 12625, 797, 24444, 17573]",1. 勿上热风秋季学院风甜美女士系带休闲透气鞋圆头小白鞋H14W8501; 2. 韩都衣舍2018新款女装夏装韩版显瘦阔腿九分裤牛仔裤女HO7333魭,A. 勿上热风2018秋季毛毛女士休闲鞋尖头粗跟浅口平底鞋H01W8536; B. 2018新款面包服韩版bf字母宽松棉衣女连帽长袖加厚棉服@; C. ins格子衫女原宿风2019新款春装宽松红色学院风衬衣复古港风上衣; D. 2018秋季新款时尚百搭毛毛绒面女鞋方头蝴蝶结浅口平底鞋单鞋女夏; E. 【锦瑟年华】吉祥羽儿原创新款真丝香云纱连衣裙夏季复古宽松裙子; F. 高跟鞋女早春2019新款铆钉性感女鞋少女尖头细跟绒面浅口百搭单鞋; G. 【GP韩国正品】MLB棒球帽春夏调节款NY鸭舌帽男女白黑色弯檐帽子; H. 花栗鼠小姐 牛仔裤女春秋2019新款韩版显瘦高腰复古chic直筒裤; I. JOY 小众品味中跟凉鞋 真皮细带一字带anna同款尖头小猫跟凉拖鞋; J. Armani官方阿玛尼满天星手表女镶钻星空手表 潮流女士腕表AR1926,C,1
23200,19373,9,J,"[18161, 30967]","[18302, 19790, 27958, 18948, 29874, 19065, 9757, 9171, 24887, 19373]",1. MG小象高腰阔腿裤牛仔短裤女夏2018新款韩版宽松显瘦休闲破洞热裤; 2. Danielwellington 丹尼尔惠灵顿dw手表女32mm金属编织女表,A. 超火早秋衬衫女2018新款心机上衣设计感小众inspolo衬衣红色长袖; B. 罗家RMOJUL 2018春装女装新款 喇叭袖水溶拼接网纱百褶裙连衣裙SW; C. 卡洛美饰品 双面大小红色耳钉前后佩戴女生耳环 韩国简约气质耳饰; D. 韩都衣舍2018韩版女装秋装新款学生宽松BF上衣潮卫衣JW11064筱; E. 步步惊情 刘诗诗同款耳环木兰喇叭花长款耳坠925纯银防过敏古风饰; F. 奈看 2018春季新款复古原创甜美蝴蝶结细带格子连衣裙宽松学院风; G. 草莓晶招桃花运粉水晶手链女韩版简约个性纯银本命年转运珠手串; H. 韩都衣舍2018韩版女装夏装新款显瘦宽松chic两件套连衣裙JN7375埕; I. 女包2018新款韩版潮透明果冻包百搭文艺帆布大包手提包单肩斜挎包; J. MG小象白色t恤女短袖夏装2018新款纯棉衣服宽松体恤chic港味上衣,ERR,0
3832,2299,4,E,"[12488, 24847]","[4823, 7617, 29488, 15295, 2299, 25233, 23085, 16731, 31036, 23451]",1. Nine West/玖熙细跟猫跟女鞋 一字带水钻凉鞋 时尚高跟鞋; 2. 韩国露娜网红仿珍珠耳环 女式气质长款耳坠新款ins耳钉韩版耳饰品,A. GENANX闪电潮牌中长款白针织衫个性男士休闲上衣破洞毛衣男潮流; B. 原创时尚潮流真皮女包手工牛皮女包气质手提单肩包包大容量复古风; C. 绽放C135朵/如画/黛蓝色圆领百搭竹节棉打底T恤装2018新女; D. 毛呢条纹哈伦裤女裤子春秋2019加绒格子九分裤宽松小脚萝卜老爹裤; E. 印花雪纺连衣裙女夏香影2019新款气质收腰无袖v领碎花裙沙滩长裙; F. 帽子女春秋天棒球帽男潮人百搭韩版学生纯黑色鸭舌帽夏时尚遮阳帽; G. 8070欧洲站新款欧货格子拼接女上衣2018秋季宽松显瘦长袖卫衣D614; H. 2018秋冬季新款韩版气质短靴性感高跟靴子瘦瘦短筒靴方头靴女鞋子; I. 【zbs】2018夏季新款钉珠亮钻蝴蝶结拼接蕾丝荷叶摆显瘦连衣裙; J. 【CEBOSTIN】奶茶七分甜 0507A1148 荔枝纹单肩斜挎牛皮方包,J,0
28219,26348,9,J,"[11116, 23463]","[19632, 30521, 3996, 13703, 10307, 24806, 13534, 15924, 27931, 26348]",1. 2017冬装 简约好版型羊毛双面呢子西裤高腰九分西装长裤女 安娜家; 2. MASOOMAKE时尚英伦风复古chic半拖鞋 无后跟外穿懒人包头穆勒鞋女,A. cec卫衣女慵懒风羊羔毛拼接连帽韩版学生宽松加绒外套黄色带帽衫; B. 清美小花立体刺绣钉珠拼接蓬蓬网纱连衣裙; C. 欧可芮 基础型~宽松藏肉针织半身裙A字裙子中长款毛线伞裙女秋冬; D. 打底裙女春装2019新款中长款气质修身包臀显瘦黑色连衣裙女 L1276; E. 于momo2018夏季新款冷淡风裙子复古黑色印花连衣裙v领收腰碎花裙; F. 微笑向暖法式复古裙山本超仙女裙网纱刺绣蕾丝连衣裙2019新款女装; G. 法国小众连衣裙女秋冬2018秋装新款egg山本风茶歇裙背带裙两件套; H. 鞋子女ins小白鞋2019春季新款网红百搭潮鞋运动鞋春款高帮鞋板鞋; I. 欧洲站秋冬满钻貂毛棉瓢鞋韩版加绒毛毛鞋羊羔毛女鞋平底乐福鞋潮; J. 2017秋冬新款 短款上衣阔腿九分裤针织两件套装毛衣时尚女 安娜家,ERR,0
8920,24847,7,H,"[1483, 19864]","[16816, 14358, 14713, 16595, 8231, 10876, 592, 24847, 10362, 22468]",1. 流浪包女包2019新款夏季编织草编包包沙滩小香风链条包斜挎单肩包; 2. 百丽拖鞋夏商场同款羊皮凉拖平底休闲女凉拖鞋R5K1DBT7,A. DJYG春季新款日系小清新男士条纹休闲长袖衬衫青年潮流修身衬衣男; B. 2018冬新款百搭圆头粗跟高筒靴显瘦骑士马丁靴低跟前拉链长靴子女; C. 温柔的猪猪●清新飘逸 小立领珠扣设计轻奢小马印花连衣裙女18夏; D. 短裙女裙子秋装2018新款女装韩版时尚潮款超火半身裙女高腰百褶裙; E. 艾米恋针织毛衣女套头宽松短款粗毛线衣厚春秋前短后长套头针织衫; F. 棉麻纯色大檐渔夫帽女夏天韩版百搭日系时尚太阳帽可折叠遮阳帽子; G. 2019春季新款尖头铆钉韩版猫跟女鞋高跟鞋女细跟浅口时尚百搭单鞋; H. 韩国露娜网红仿珍珠耳环 女式气质长款耳坠新款ins耳钉韩版耳饰品; I. 花间裳/思年华/c文艺复古森系刺绣大摆拼色连衣裙秋冬打底连衣裙; J. SSQ微笑向暖春季新款文艺复古百搭减龄娃娃领长袖纯色衬衫女孤品,F,0
4651,13418,0,A,"[30641, 30814]","[13418, 16568, 24097, 9600, 1246, 9164, 24877, 11582, 10004, 22529]",1. AI 法式复古贝雷帽 羊毛含量高达90% 秋冬女画家帽毛呢南瓜帽子; 2. 小优家包包手提包女2019新款韩版上新手提小包包女包单肩斜挎包,A. ins小皮鞋女2019春增高韩版百搭复古平底英伦风学生休闲粗跟单鞋; B. 凉鞋女夏2019新款韩版平底交叉带凉鞋厚底罗马chic百搭ins港风潮; C. 安小落自制茧型娃娃领大衣气质显瘦毛呢外套女中长款款夹棉加厚; D. 男道春季新款日系复古撞色圆领卫衣男青年潮牌套头运动衣情侣外套; E. LILI EDIT针织衫女长袖秋2018秋冬兔绒网红毛衣开衫外套宽松上衣; F. 2018春季新款韩版百搭运动鞋女ins超火的小白鞋子街拍厚底老爹鞋; G. 子晴绣花白色连衣裙女2018春新款名媛中长款喇叭袖重工蕾丝公主裙; H. 2019春季新款百搭黑色法式少女高跟鞋细跟尖头性感网红职业单鞋夏; I. 2017春秋新款复古宽松套头可爱高领外穿慵懒bf风焦糖色毛衣女秋冬; J. 范思蓝恩粉色温柔仙女V领雪纺连衣裙女夏2018新款裙子星星印花裙,"ERR_429 RESOURCE_EXHAUSTED. {'error': {'code': 429, 'message': 'You exceeded your current quota, please check your plan and billing details. For more information on this error, head to: https://ai.google.dev/gemini-api/docs/rate-limits. To monitor your current usage, head to: https://ai.dev/rate-limit. \n* Quota exceeded for metric: generativelanguage.googleapis.com/generate_content_free_tier_requests, limit: 20, model: gemini-2.5-flash\nPlease retry in 25.724518097s.', 'status': 'RESOURCE_EXHAUSTED', 'details': [{'@type': 'type.googleapis.com/google.rpc.Help', 'links': [{'description': 'Learn more about Gemini API quotas', 'url': 'https://ai.google.dev/gemini-api/docs/rate-limits'}]}, {'@type': 'type.googleapis.com/google.rpc.QuotaFailure', 'violations': [{'quotaMetric': 'generativelanguage.googleapis.com/generate_content_free_tier_requests', 'quotaId': 'GenerateRequestsPerDayPerProjectPerModel-FreeTier', 'quotaDimensions': {'location': 'global', 'model': 'gemini-2.5-flash'}, 'quotaValue': '20'}]}, {'@type': 'type.googleapis.com/google.rpc.RetryInfo', 'retryDelay': '25s'}]}}",0
27290,13302,2,C,"[18363, 19332]","[23721, 26267, 13302, 26100, 3578, 26003, 1474, 10445, 9678, 9841]",1. 2018新款韩版陶瓷手表女士时尚潮流石英表防水简约学生休闲女腕表; 2. 伊芙丽2018秋装新款韩版休闲裤子女时尚宽松阔腿雪纺长裤运动裤,A. 冬2018新款韩版翻领羊羔皮毛一体短外套女帅气黑色机车夹克皮衣@; B. 凉拖女夏外穿厚底2018新款百搭松糕chic拖鞋女港风时尚外出一字拖; C. ins小白鞋女春季百搭基础皮面学生鞋子平底单鞋真皮板鞋女鞋休闲; D. 内增高小白鞋女2019春新款韩版百搭休闲运动鞋坡跟单鞋厚底白鞋子; E. 风家 论有钱人设的完成！ 经典驼笔挺羊毛帅气九分阔腿裤KZ0416兑; F. 小香风日系秋季海军帽子女韩版百搭秋天网红英伦八角贝雷帽秋冬潮; G. Lilbetter男士T恤时尚拼接撞色圆领体恤LB潮牌宽松半袖嘻哈上衣男; H. 百搭925纯银再见前任3林佳同款鱼尾吊坠海豚项链女日韩简约锁骨链; I. 美嘟嘟定制包2018秋款韩版简约潮牌绒面蝴蝶结飘带单肩斜挎手提包; J. 条纹冰丝针织衫女短袖短款中袖修身套头打底T恤五分袖上衣毛衣夏,"ERR_429 RESOURCE_EXHAUSTED. {'error': {'code': 429, 'message': 'You exceeded your current quota, please check your plan and billing details. For more information on this error, head to: https://ai.google.dev/gemini-api/docs/rate-limits. To monitor your current usage, head to: https://ai.dev/rate-limit. \n* Quota exceeded for metric: generativelanguage.googleapis.com/generate_content_free_tier_requests, limit: 20, model: gemini-2.5-flash\nPlease retry in 12.050347385s.', 'status': 'RESOURCE_EXHAUSTED', 'details': [{'@type': 'type.googleapis.com/google.rpc.Help', 'links': [{'description': 'Learn more about Gemini API quotas', 'url': 'https://ai.google.dev/gemini-api/docs/rate-limits'}]}, {'@type': 'type.googleapis.com/google.rpc.QuotaFailure', 'violations': [{'quotaMetric': 'generativelanguage.googleapis.com/generate_content_free_tier_requests', 'quotaId': 'GenerateRequestsPerDayPerProjectPerModel-FreeTier', 'quotaDimensions': {'model': 'gemini-2.5-flash', 'location': 'global'}, 'quotaValue': '20'}]}, {'@type': 'type.googleapis.com/google.rpc.RetryInfo', 'retryDelay': '12s'}]}}",0
15959,28461,1,B,"[16744, 21413]","[19115, 28461, 27091, 14923, 8828, 25594, 8900, 9580, 12172, 23864]",1. 冬天毛绒女帽子韩版潮字母刺绣休闲百搭鸭舌帽秋季2018新款棒球帽; 2. 加绒牛仔裤女秋冬新款网红脚口开叉紧身高腰显瘦小脚铅笔裤子#,A. 透明小包包夏季女式学生洋气百搭单肩斜挎镭射可爱少女水桶女包; B. 张贝贝ibell2018冬季新款很仙的毛衣慵懒风条纹长袖圆领针织衫女; C. CHACHA 不规则超火的半身裙秋冬女港味复古chic高腰百褶裙长裙; D. St&amp;Sat/星期六春秋款商场同款拼接方头粗跟女单鞋SS81111351; E. 原点范2018冬季新款加绒加厚套头卫衣女中长款欧洲站印花上衣020K; F. 大瓶定制慵懒风毛茸茸毛衣女套头2018冬新款韩版宽松加厚貂绒外套; G. 九月陌墨 2019夏季新款女装韩版雪纺连衣裙两件套女 中长宽松裙; H. 日系复古纯色打底衫秋冬毛衣男宽松韩版潮流套头学生情侣针织衫; I. 2019春季新款高跟鞋女细跟尖头法式学生百搭性感裸色网红春款单鞋; J. Vans范斯官方正品 经典侧边条纹男子黑色低帮运动休闲板鞋,"ERR_429 RESOURCE_EXHAUSTED. {'error': {'code': 429, 'message': 'You exceeded your current quota, please check your plan and billing details. For more information on this error, head to: https://ai.google.dev/gemini-api/docs/rate-limits. To monitor your current usage, head to: https://ai.dev/rate-limit. \n* Quota exceeded for metric: generativelanguage.googleapis.com/generate_content_free_tier_requests, limit: 20, model: gemini-2.5-flash\nPlease retry in 58.358154151s.', 'status': 'RESOURCE_EXHAUSTED', 'details': [{'@type': 'type.googleapis.com/google.rpc.Help', 'links': [{'description': 'Learn more about Gemini API quotas', 'url': 'https://ai.google.dev/gemini-api/docs/rate-limits'}]}, {'@type': 'type.googleapis.com/google.rpc.QuotaFailure', 'violations': [{'quotaMetric': 'generativelanguage.googleapis.com/generate_content_free_tier_requests', 'quotaId': 'GenerateRequestsPerDayPerProjectPerModel-FreeTier', 'quotaDimensions': {'location': 'global', 'model': 'gemini-2.5-flash'}, 'quotaValue': '20'}]}, {'@type': 'type.googleapis.com/google.rpc.RetryInfo', 'retryDelay': '58s'}]}}",0
3295,13007,6,G,"[24616, 30318]","[20725, 17882, 14709, 23691, 13702, 18516, 13007, 7405, 22684, 5929]",1. 绒面小众款小包包2018秋冬新款个性chic迷你单肩包韩版少女小挎包; 2. 复古少女心金箔亚克力耳环女韩国气质长款个性纯银耳坠耳饰R014,A. ◆ASM◆2018夏季新款衬衫领格子长袖宽松百搭小清新度假上衣女装; B. Fossil化石欧美时尚休闲皮表带石英机芯手表女 ES4154; C. 黄色短袖夏季新款宽松韩版chic中长款大t恤女白色网红同款上衣潮; D. 2019夏新款粗麻绳草编凉鞋女交叉镂空露趾休闲学生休闲套脚女凉鞋; E. 九月陌墨 2019秋冬新款女装图案刺绣连帽套头毛衣 韩版宽松针织衫; F. LRUD衬衫女2019春装新款女装韩版条纹白色衬衣宽松长袖小清新上衣; G. 欧洲站2019春款新品真皮女鞋百搭时尚优雅漆皮浅口尖头细高跟鞋潮; H. JHXC 韩版秋季薄款水洗黑色高腰紧身牛仔裤女修身小脚铅笔裤长裤; I. 厚底小白鞋女真皮2018秋冬新款韩版百搭网红老爹运动板鞋ins鞋子; J. 2018春秋季新款女鞋单鞋休闲鞋韩版松糕鞋百搭运动鞋厚底小白鞋子,"ERR_429 RESOURCE_EXHAUSTED. {'error': {'code': 429, 'message': 'You exceeded your current quota, please check your plan and billing details. For more information on this error, head to: https://ai.google.dev/gemini-api/docs/rate-limits. To monitor your current usage, head to: https://ai.dev/rate-limit. \n* Quota exceeded for metric: generativelanguage.googleapis.com/generate_content_free_tier_requests, limit: 20, model: gemini-2.5-flash\nPlease retry in 44.677969557s.', 'status': 'RESOURCE_EXHAUSTED', 'details': [{'@type': 'type.googleapis.com/google.rpc.Help', 'links': [{'description': 'Learn more about Gemini API quotas', 'url': 'https://ai.google.dev/gemini-api/docs/rate-limits'}]}, {'@type': 'type.googleapis.com/google.rpc.QuotaFailure', 'violations': [{'quotaMetric': 'generativelanguage.googleapis.com/generate_content_free_tier_requests', 'quotaId': 'GenerateRequestsPerDayPerProjectPerModel-FreeTier', 'quotaDimensions': {'model': 'gemini-2.5-flash', 'location': 'global'}, 'quotaValue': '20'}]}, {'@type': 'type.googleapis.com/google.rpc.RetryInfo', 'retryDelay': '44s'}]}}",0
9428,2855,8,I,"[13625, 14390]","[21174, 15957, 29083, 15345, 19753, 11044, 889, 2936, 2855, 14581]",1. 勿上热风秋季学院风甜美女士系带休闲透气鞋圆头小白鞋H14W8501; 2. 帽子女春夏休闲百搭字母刺绣鸭舌帽米色白色防晒遮阳帽户外棒球帽,A. 日韩国脖子饰品女纯银锁骨链颈带黑色项圈毛衣短款简约项链脖颈链; B. 五角星夸张大耳环女韩国长款时尚星星网红耳坠银耳钉个性性感耳饰; C. PANLULUPAN定制斜挎包头层牛皮荔枝纹单肩包三角包轻便女包包真皮; D. 南瓜谷 吊带连衣裙女夏2018新款裙子无袖温柔裙仙女裙 L294; E. 毛呢半身裙秋冬新款显瘦不规则条纹a字裙修身中长款包臀女半裙子; F. MUZI定制包包女2018冬季新款韩版百搭毛呢潮流复古简约锁扣小方包; G. 馨帮帮复古九分高腰杏色牛仔裤直筒裤子女宽松韩版百搭学生; H. 帽仕汇 帽子女冬天韩版毡帽圆顶毛呢渔夫帽秋冬名媛优雅羊毛礼帽; I. ZENGLIU小圆圈耳钉女气质短耳坠简约百搭韩国耳环冷淡风银针耳饰; J. 肉完ROUWANBABY180604初恋的感觉清新气质短袖连衣裙女夏2018新款,"ERR_429 RESOURCE_EXHAUSTED. {'error': {'code': 429, 'message': 'You exceeded your current quota, please check your plan and billing details. For more information on this error, head to: https://ai.google.dev/gemini-api/docs/rate-limits. To monitor your current usage, head to: https://ai.dev/rate-limit. \n* Quota exceeded for metric: generativelanguage.googleapis.com/generate_content_free_tier_requests, limit: 20, model: gemini-2.5-flash\nPlease retry in 31.010206669s.', 'status': 'RESOURCE_EXHAUSTED', 'details': [{'@type': 'type.googleapis.com/google.rpc.Help', 'links': [{'description': 'Learn more about Gemini API quotas', 'url': 'https://ai.google.dev/gemini-api/docs/rate-limits'}]}, {'@type': 'type.googleapis.com/google.rpc.QuotaFailure', 'violations': [{'quotaMetric': 'generativelanguage.googleapis.com/generate_content_free_tier_requests', 'quotaId': 'GenerateRequestsPerDayPerProjectPerModel-FreeTier', 'quotaDimensions': {'location': 'global', 'model': 'gemini-2.5-flash'}, 'quotaValue': '20'}]}, {'@type': 'type.googleapis.com/google.rpc.RetryInfo', 'retryDelay': '31s'}]}}",0
15236,27090,6,G,"[14231, 28608]","[29668, 18985, 29563, 24319, 17097, 27220, 27090, 6278, 20046, 1986]",1. 红谷女包 专柜正品 子眸系列 撞色锁扣 手提斜挎包 H51442206\09; 2. 尖头2018秋冬季新款韩版百搭绒面小跟短靴女靴性感细跟高跟女鞋子,A. 【断码清仓 不退不换】2018秋冬季英伦小尖头金属扣中口兔毛毛毛; B. keddo2018春夏新款韩版真皮小白鞋女款休闲鞋系带平厚底休闲鞋子; C. 平底女单鞋小香风2019春夏新款韩版百搭拼色低跟尖头浅口女凉鞋子; D. 三千自制 仙乐飘飘仲夏日 让心美醉的挖肩式印花真丝衬衣 BG924; E. 【半价 不退换】极简风范松紧腰 麻感锥形休闲裤 HW12444; F. 心语泉背带阔腿裤女长裤2018秋季新款高腰时尚修身V领无袖连体裤; G. 濛濛家 秋冬2019新款酒红色毛呢阔腿裤 高腰阔腿长裤宽松毛呢裤女; H. VEGA CHANG毛呢外套女中长款2018秋冬新款牛角扣粗花呢子大衣; I. damostudio夏日新品 时髦俏皮 肩绑带荷叶摆宽松吊带背心; J. Moana 进口黑尖晶石美国14K注金星星蕾丝日韩项链项圈chocker女,"ERR_429 RESOURCE_EXHAUSTED. {'error': {'code': 429, 'message': 'You exceeded your current quota, please check your plan and billing details. For more information on this error, head to: https://ai.google.dev/gemini-api/docs/rate-limits. To monitor your current usage, head to: https://ai.dev/rate-limit. \n* Quota exceeded for metric: generativelanguage.googleapis.com/generate_content_free_tier_requests, limit: 20, model: gemini-2.5-flash\nPlease retry in 17.332659159s.', 'status': 'RESOURCE_EXHAUSTED', 'details': [{'@type': 'type.googleapis.com/google.rpc.Help', 'links': [{'description': 'Learn more about Gemini API quotas', 'url': 'https://ai.google.dev/gemini-api/docs/rate-limits'}]}, {'@type': 'type.googleapis.com/google.rpc.QuotaFailure', 'violations': [{'quotaMetric': 'generativelanguage.googleapis.com/generate_content_free_tier_requests', 'quotaId': 'GenerateRequestsPerDayPerProjectPerModel-FreeTier', 'quotaDimensions': {'location': 'global', 'model': 'gemini-2.5-flash'}, 'quotaValue': '20'}]}, {'@type': 'type.googleapis.com/google.rpc.RetryInfo', 'retryDelay': '17s'}]}}",0
9544,1360,6,G,"[8266, 8352]","[4422, 17353, 6935, 24394, 29005, 3863, 1360, 7315, 23566, 21843]",1. Amyy Studios 度假风裙子长袖衬衫裙白色衬衣连衣裙女; 2. 大脑布原创水桶斜挎包草编包编织包女包森系小包沙滩复古百搭ins,A. 韩都衣舍2018新款女装春装韩版宽松显瘦条纹长袖衬衫女EJ0134玎; B. 【MONA】加绒卫衣女秋2018新款宽松卫衣女休闲慵懒圆领套头; C. 赵款款 遇见必收 高腰黑灰色牛仔铅笔裤秋冬修身九分裤女小脚裤; D. 韩都衣舍2018新款女装春装韩版chic纯色上衣镂空长袖T恤OU7991堯; E. 2019春款脏脏鞋女韩版ulzzang学生小白鞋做旧板鞋复古星星小脏鞋; F. 【南风】牛皮毛绒兔子包包女2019新款女包时尚拉链单肩包斜跨包女; G. 素觉原创925银手镯女冷淡风手环简约时尚个性镯子母亲节礼物; H. Camelio Toscalini 米白色针扣羊皮女士单鞋; I. 慵懒风绿色连帽卫衣女2018秋季新款女长袖韩版宽松套头薄款外套潮; J. 冬季加绒女鞋秋冬2018新款老爹运动鞋女韩版网红原宿百搭小白棉鞋,"ERR_429 RESOURCE_EXHAUSTED. {'error': {'code': 429, 'message': 'You exceeded your current quota, please check your plan and billing details. For more information on this error, head to: https://ai.google.dev/gemini-api/docs/rate-limits. To monitor your current usage, head to: https://ai.dev/rate-limit. \n* Quota exceeded for metric: generativelanguage.googleapis.com/generate_content_free_tier_requests, limit: 20, model: gemini-2.5-flash\nPlease retry in 3.645207803s.', 'status': 'RESOURCE_EXHAUSTED', 'details': [{'@type': 'type.googleapis.com/google.rpc.Help', 'links': [{'description': 'Learn more about Gemini API quotas', 'url': 'https://ai.google.dev/gemini-api/docs/rate-limits'}]}, {'@type': 'type.googleapis.com/google.rpc.QuotaFailure', 'violations': [{'quotaMetric': 'generativelanguage.googleapis.com/generate_content_free_tier_requests', 'quotaId': 'GenerateRequestsPerDayPerProjectPerModel-FreeTier', 'quotaDimensions': {'location': 'global', 'model': 'gemini-2.5-flash'}, 'quotaValue': '20'}]}, {'@type': 'type.googleapis.com/google.rpc.RetryInfo', 'retryDelay': '3s'}]}}",0
